{
    "name": "Locus",
    "vendorId": "0x7366",
    "productId": "0x6C63",
    "lighting": "none",
    "matrix": {
      "rows": 4,
      "cols": 12
    },
    "layouts": {
      "keymap": [
        [{"y": 0.01,"x": 1.26},"0,1",{"x": 9.5},"0,10"],
        [{"y": -0.88,"x": 0.26},"0,0",{"x": 11.49},"0,11"],
        [{"x": 0.13,"w": 1.25},"1,0","1,1",{"x": 9.75,"w": 1.75},"1,11"],
        [{"w": 1.75},"2,0","2,1",{"x": 9},"2,10",{"w": 1.25},"2,11"],
        [{"x": 0.38,"w": 1.5},"3,0",{"x": 10.370000000000001,"w": 1.5},"3,11"],
        [{"r": 12,"rx": 3,"ry": 0.75,"y": -0.62,"x": -0.4900000000000002},"0,2","0,3","0,4","0,5"],
        [{"x": -0.25},"1,2","1,3","1,4","1,5"],
        [{"x": 0.25},"2,2","2,3","2,4","2,5"],
        [{"x": 0.5},"3,2",{"w": 2.25},"3,4"],
        [{"r": -12,"rx": 11.25,"y": -0.62,"x": -3.75},"0,6","0,7","0,8","0,9"],
        [{"x": -3.5},"1,6","1,7","1,8","1,9"],
        [{"x": -4},"2,6","2,7","2,8","2,9"],
        [{"x": -4.25,"w": 2.75},"3,7","3,9"]
      ]
    }
  }
  